"vehicle","chunk","direction","stop_id","fraction","start_datetime","transactions","group"
"2272",0,0,158,0.853304029423347,2018-11-13 07:01:35,14,"12-2272-0"
"2272",1,0,159,1,2018-11-13 07:02:50,0,"12-2272-0"
"2272",2,1,160,0.000677518435978624,2018-11-13 07:03:05,0,"12-2272-1"
"2272",3,1,161,0.136848160347602,2018-11-13 07:06:20,1,"12-2272-1"
"2272",4,1,162,0.19299211015708,2018-11-13 07:08:15,0,"12-2272-1"
"2272",5,1,163,0.303039839244284,2018-11-13 07:09:45,0,"12-2272-1"
"2272",6,1,164,0.391269053791425,2018-11-13 07:11:33,0,"12-2272-1"
"2272",7,1,165,0.472834997068035,2018-11-13 07:12:44,0,"12-2272-1"
"2272",8,1,166,0.509565516683319,2018-11-13 07:14:13,1,"12-2272-1"
"2272",9,1,167,0.598690391496404,2018-11-13 07:15:23,0,"12-2272-1"
"2272",10,1,168,0.648323821893758,2018-11-13 07:16:23,0,"12-2272-1"
"2272",11,1,169,0.73196647476087,2018-11-13 07:19:00,0,"12-2272-1"
"2272",12,1,170,0.836336359299254,2018-11-13 07:20:00,0,"12-2272-1"
"2272",13,1,171,0.911721875078066,2018-11-13 07:21:23,0,"12-2272-1"
"2272",14,1,172,1,2018-11-13 07:22:55,0,"12-2272-1"
"2272",15,0,146,0.00133849943936237,2018-11-13 07:23:37,0,"12-2272-2"
"2272",16,0,147,0.0752127784561694,2018-11-13 07:29:31,6,"12-2272-2"
"2272",17,0,148,0.12404645410996,2018-11-13 07:30:16,1,"12-2272-2"
"2272",18,0,149,0.15539288911319,2018-11-13 07:31:01,1,"12-2272-2"
"2272",19,0,150,0.244233960779325,2018-11-13 07:32:47,3,"12-2272-2"
"2272",20,0,151,0.313307409622087,2018-11-13 07:34:17,4,"12-2272-2"
"2272",21,0,152,0.382642525874351,2018-11-13 07:35:42,4,"12-2272-2"
"2272",22,0,153,0.449327677267666,2018-11-13 07:37:17,2,"12-2272-2"
"2272",23,0,154,0.505831950163495,2018-11-13 07:38:37,1,"12-2272-2"
"2272",24,0,155,0.578449257827012,2018-11-13 07:39:37,1,"12-2272-2"
"2272",25,0,156,0.671302972393994,2018-11-13 07:41:42,1,"12-2272-2"
"2272",26,0,157,0.793010382183288,2018-11-13 07:43:38,0,"12-2272-2"
"2272",27,0,158,0.853304029423347,2018-11-13 07:45:06,0,"12-2272-2"
"2272",28,0,159,1,2018-11-13 07:48:12,0,"12-2272-2"
"2272",29,1,160,0.000677518435978624,2018-11-13 07:49:02,4,"12-2272-3"
"2272",30,1,161,0.136848160347602,2018-11-13 07:52:12,1,"12-2272-3"
"2272",31,1,162,0.19299211015708,2018-11-13 07:53:42,3,"12-2272-3"
"2272",32,1,163,0.303039839244284,2018-11-13 07:56:13,2,"12-2272-3"
"2272",33,1,164,0.391269053791425,2018-11-13 07:58:18,2,"12-2272-3"
"2272",34,1,165,0.472834997068035,2018-11-13 07:59:24,0,"12-2272-3"
"2272",35,1,166,0.509565516683319,2018-11-13 08:01:36,3,"12-2272-3"
"2272",36,1,167,0.598690391496404,2018-11-13 08:02:51,2,"12-2272-3"
"2272",37,1,168,0.648323821893758,2018-11-13 08:04:01,0,"12-2272-3"
"2272",38,1,169,0.73196647476087,2018-11-13 08:05:36,1,"12-2272-3"
"2272",39,1,170,0.836336359299254,2018-11-13 08:07:06,1,"12-2272-3"
"2272",40,1,171,0.911721875078066,2018-11-13 08:07:56,0,"12-2272-3"
"2272",41,1,172,1,2018-11-13 08:08:26,0,"12-2272-3"
"2272",42,0,146,0.00133849943936237,2018-11-13 08:08:32,0,"12-2272-4"
"2272",43,0,147,0.0752127784561694,2018-11-13 08:14:18,4,"12-2272-4"
"2272",44,0,148,0.12404645410996,2018-11-13 08:15:23,6,"12-2272-4"
"2272",45,0,149,0.15539288911319,2018-11-13 08:16:23,3,"12-2272-4"
"2272",46,0,150,0.244233960779325,2018-11-13 08:18:33,5,"12-2272-4"
"2272",47,0,151,0.313307409622087,2018-11-13 08:20:13,8,"12-2272-4"
"2272",48,0,152,0.382642525874351,2018-11-13 08:22:30,6,"12-2272-4"
"2272",49,0,153,0.449327677267666,2018-11-13 08:25:18,6,"12-2272-4"
"2272",50,0,154,0.505831950163495,2018-11-13 08:26:08,1,"12-2272-4"
"2272",51,0,155,0.578449257827012,2018-11-13 08:27:39,0,"12-2272-4"
"2272",52,0,156,0.671302972393994,2018-11-13 08:29:50,3,"12-2272-4"
"2272",53,0,157,0.793010382183288,2018-11-13 08:31:51,1,"12-2272-4"
"2272",54,0,158,0.853304029423347,2018-11-13 08:33:03,0,"12-2272-4"
"2272",55,0,159,1,2018-11-13 08:36:16,0,"12-2272-4"
"2272",56,1,160,0.000677518435978624,2018-11-13 08:36:34,0,"12-2272-5"
"2272",57,1,161,0.136848160347602,2018-11-13 08:38:44,5,"12-2272-5"
"2272",58,1,162,0.19299211015708,2018-11-13 08:40:08,3,"12-2272-5"
"2272",59,1,163,0.303039839244284,2018-11-13 08:41:38,2,"12-2272-5"
"2272",60,1,164,0.391269053791425,2018-11-13 08:43:27,2,"12-2272-5"
"2272",61,1,165,0.472834997068035,2018-11-13 08:44:46,0,"12-2272-5"
"2272",62,1,166,0.509565516683319,2018-11-13 08:45:55,1,"12-2272-5"
"2272",63,1,167,0.598690391496404,2018-11-13 08:47:35,2,"12-2272-5"
"2272",64,1,168,0.648323821893758,2018-11-13 08:48:54,2,"12-2272-5"
"2272",65,1,169,0.73196647476087,2018-11-13 08:50:44,3,"12-2272-5"
"2272",66,1,170,0.836336359299254,2018-11-13 08:52:04,0,"12-2272-5"
"2272",67,1,171,0.911721875078066,2018-11-13 08:53:14,0,"12-2272-5"
"2272",68,1,172,1,2018-11-13 08:53:44,0,"12-2272-5"
"2272",69,0,146,0.00133849943936237,2018-11-13 08:53:52,0,"12-2272-6"
"2042",0,0,158,0.853304029423347,2018-11-13 08:54:01,23,"12-2042-0"
"2042",1,0,159,1,2018-11-13 08:54:16,0,"12-2042-0"
"2042",2,1,160,0.000677518435978624,2018-11-13 08:54:36,0,"12-2042-1"
"2042",3,1,161,0.136848160347602,2018-11-13 08:57:00,2,"12-2042-1"
"2042",4,1,162,0.19299211015708,2018-11-13 08:59:15,0,"12-2042-1"
"2042",5,1,163,0.303039839244284,2018-11-13 09:01:18,0,"12-2042-1"
"2042",6,1,164,0.391269053791425,2018-11-13 09:03:23,0,"12-2042-1"
"2042",7,1,165,0.472834997068035,2018-11-13 09:04:48,2,"12-2042-1"
"2042",8,1,166,0.509565516683319,2018-11-13 09:06:48,0,"12-2042-1"
"2042",9,1,167,0.598690391496404,2018-11-13 09:08:08,0,"12-2042-1"
"2042",10,1,168,0.648323821893758,2018-11-13 09:09:18,0,"12-2042-1"
"2042",11,1,169,0.73196647476087,2018-11-13 09:10:38,0,"12-2042-1"
"2042",12,1,170,0.836336359299254,2018-11-13 09:12:18,0,"12-2042-1"
"2042",13,1,171,0.911721875078066,2018-11-13 09:13:18,0,"12-2042-1"
"2042",14,1,172,1,2018-11-13 09:13:48,0,"12-2042-1"
"2042",15,0,146,0.00133849943936237,2018-11-13 09:13:58,0,"12-2042-2"
"2272",70,0,146,0.00133849943936237,2018-11-13 09:38:23,0,"12-2272-6"
"2042",16,0,146,0.00133849943936237,2018-11-13 09:39:23,1,"12-2042-2"
"2272",71,0,147,0.0752127784561694,2018-11-13 09:41:00,2,"12-2272-6"
"2272",72,0,148,0.12404645410996,2018-11-13 09:41:55,0,"12-2272-6"
"2272",73,0,149,0.15539288911319,2018-11-13 09:42:20,1,"12-2272-6"
"2272",74,0,150,0.244233960779325,2018-11-13 09:44:15,3,"12-2272-6"
"2272",75,0,151,0.313307409622087,2018-11-13 09:45:35,9,"12-2272-6"
"2272",76,0,152,0.382642525874351,2018-11-13 09:46:45,5,"12-2272-6"
"2272",77,0,153,0.449327677267666,2018-11-13 09:48:45,2,"12-2272-6"
"2272",78,0,154,0.505831950163495,2018-11-13 09:49:35,2,"12-2272-6"
"2272",79,0,155,0.578449257827012,2018-11-13 09:51:25,8,"12-2272-6"
"2272",80,0,156,0.671302972393994,2018-11-13 09:53:30,1,"12-2272-6"
"2272",81,0,157,0.793010382183288,2018-11-13 09:55:20,0,"12-2272-6"
"2272",82,0,158,0.853304029423347,2018-11-13 09:56:55,0,"12-2272-6"
"2272",83,0,159,1,2018-11-13 09:59:51,0,"12-2272-6"
"2042",17,0,146,0.00133849943936237,2018-11-13 10:00:10,0,"12-2042-2"
"2272",84,1,160,0.000677518435978624,2018-11-13 10:00:31,0,"12-2272-7"
"2042",18,0,147,0.0752127784561694,2018-11-13 10:01:15,0,"12-2042-2"
"2042",19,0,148,0.12404645410996,2018-11-13 10:02:05,0,"12-2042-2"
"2042",20,0,149,0.15539288911319,2018-11-13 10:02:45,0,"12-2042-2"
"2272",85,1,161,0.136848160347602,2018-11-13 10:03:26,5,"12-2272-7"
"2042",21,0,150,0.244233960779325,2018-11-13 10:04:05,3,"12-2042-2"
"2272",86,1,162,0.19299211015708,2018-11-13 10:05:16,3,"12-2272-7"
"2042",22,0,151,0.313307409622087,2018-11-13 10:05:57,3,"12-2042-2"
"2272",87,1,163,0.303039839244284,2018-11-13 10:06:37,0,"12-2272-7"
"2042",23,0,152,0.382642525874351,2018-11-13 10:07:07,0,"12-2042-2"
"2042",24,0,153,0.449327677267666,2018-11-13 10:08:27,1,"12-2042-2"
"2042",25,0,154,0.505831950163495,2018-11-13 10:09:17,2,"12-2042-2"
"2272",88,1,164,0.391269053791425,2018-11-13 10:09:22,2,"12-2272-7"
"2042",26,0,155,0.578449257827012,2018-11-13 10:11:07,1,"12-2042-2"
"2272",89,1,165,0.472834997068035,2018-11-13 10:11:07,0,"12-2272-7"
"2272",90,1,166,0.509565516683319,2018-11-13 10:12:17,1,"12-2272-7"
"2042",27,0,156,0.671302972393994,2018-11-13 10:12:57,1,"12-2042-2"
"2272",91,1,167,0.598690391496404,2018-11-13 10:13:37,0,"12-2272-7"
"2272",92,1,168,0.648323821893758,2018-11-13 10:14:44,0,"12-2272-7"
"2042",28,0,157,0.793010382183288,2018-11-13 10:15:04,0,"12-2042-2"
"2272",93,1,169,0.73196647476087,2018-11-13 10:16:04,1,"12-2272-7"
"2042",29,0,158,0.853304029423347,2018-11-13 10:16:22,0,"12-2042-2"
"2272",94,1,170,0.836336359299254,2018-11-13 10:17:44,0,"12-2272-7"
"2272",95,1,171,0.911721875078066,2018-11-13 10:18:44,0,"12-2272-7"
"2042",30,0,159,1,2018-11-13 10:18:58,0,"12-2042-2"
"2272",96,1,172,1,2018-11-13 10:19:04,0,"12-2272-7"
"2272",97,0,146,0.00133849943936237,2018-11-13 10:19:11,0,"12-2272-8"
"2042",31,1,160,0.000677518435978624,2018-11-13 10:19:23,0,"12-2042-3"
"2042",32,1,161,0.136848160347602,2018-11-13 10:22:29,4,"12-2042-3"
"2272",98,0,147,0.0752127784561694,2018-11-13 10:22:48,3,"12-2272-8"
"2272",99,0,148,0.12404645410996,2018-11-13 10:23:18,1,"12-2272-8"
"2272",100,0,149,0.15539288911319,2018-11-13 10:24:08,1,"12-2272-8"
"2042",33,1,162,0.19299211015708,2018-11-13 10:24:37,1,"12-2042-3"
"2272",101,0,150,0.244233960779325,2018-11-13 10:25:58,2,"12-2272-8"
"2042",34,1,163,0.303039839244284,2018-11-13 10:26:28,1,"12-2042-3"
"2272",102,0,151,0.313307409622087,2018-11-13 10:27:07,4,"12-2272-8"
"2272",103,0,152,0.382642525874351,2018-11-13 10:28:27,5,"12-2272-8"
"2042",35,1,164,0.391269053791425,2018-11-13 10:28:43,1,"12-2042-3"
"2272",104,0,153,0.449327677267666,2018-11-13 10:29:27,1,"12-2272-8"
"2042",36,1,165,0.472834997068035,2018-11-13 10:29:58,2,"12-2042-3"
"2272",105,0,154,0.505831950163495,2018-11-13 10:30:27,1,"12-2272-8"
"2042",37,1,166,0.509565516683319,2018-11-13 10:31:38,0,"12-2042-3"
"2272",106,0,155,0.578449257827012,2018-11-13 10:32:07,0,"12-2272-8"
"2042",38,1,167,0.598690391496404,2018-11-13 10:32:48,2,"12-2042-3"
"2042",39,1,168,0.648323821893758,2018-11-13 10:33:48,1,"12-2042-3"
"2272",107,0,156,0.671302972393994,2018-11-13 10:34:00,2,"12-2272-8"
"2042",40,1,169,0.73196647476087,2018-11-13 10:35:03,0,"12-2042-3"
"2272",108,0,157,0.793010382183288,2018-11-13 10:36:42,0,"12-2272-8"
"2042",41,1,170,0.836336359299254,2018-11-13 10:37:47,0,"12-2042-3"
"2272",109,0,158,0.853304029423347,2018-11-13 10:37:55,0,"12-2272-8"
"2042",42,1,171,0.911721875078066,2018-11-13 10:39:08,0,"12-2042-3"
"2272",110,0,159,1,2018-11-13 10:40:41,0,"12-2272-8"
"2042",43,1,172,1,2018-11-13 10:40:45,0,"12-2042-3"
"2042",44,0,146,0.00133849943936237,2018-11-13 10:40:52,0,"12-2042-4"
"2272",111,1,160,0.000677518435978624,2018-11-13 10:41:56,3,"12-2272-9"
"2042",45,0,147,0.0752127784561694,2018-11-13 10:45:41,2,"12-2042-4"
"2042",46,0,148,0.12404645410996,2018-11-13 10:46:11,1,"12-2042-4"
"2272",112,1,161,0.136848160347602,2018-11-13 10:46:20,6,"12-2272-9"
"2042",47,0,149,0.15539288911319,2018-11-13 10:47:01,3,"12-2042-4"
"2042",48,0,150,0.244233960779325,2018-11-13 10:48:27,0,"12-2042-4"
"2272",113,1,162,0.19299211015708,2018-11-13 10:48:59,1,"12-2272-9"
"2042",49,0,151,0.313307409622087,2018-11-13 10:50:30,1,"12-2042-4"
"2272",114,1,163,0.303039839244284,2018-11-13 10:50:39,3,"12-2272-9"
"2042",50,0,152,0.382642525874351,2018-11-13 10:51:50,2,"12-2042-4"
"2272",115,1,164,0.391269053791425,2018-11-13 10:52:59,0,"12-2272-9"
"2042",51,0,153,0.449327677267666,2018-11-13 10:53:35,1,"12-2042-4"
"2272",116,1,165,0.472834997068035,2018-11-13 10:54:29,3,"12-2272-9"
"2042",52,0,154,0.505831950163495,2018-11-13 10:54:50,0,"12-2042-4"
"2272",117,1,166,0.509565516683319,2018-11-13 10:56:29,1,"12-2272-9"
"2042",53,0,155,0.578449257827012,2018-11-13 10:57:40,3,"12-2042-4"
"2272",118,1,167,0.598690391496404,2018-11-13 10:57:49,0,"12-2272-9"
"2042",54,0,156,0.671302972393994,2018-11-13 10:58:50,1,"12-2042-4"
"2272",119,1,168,0.648323821893758,2018-11-13 10:58:59,1,"12-2272-9"
"2042",55,0,157,0.793010382183288,2018-11-13 11:00:20,0,"12-2042-4"
"2272",120,1,169,0.73196647476087,2018-11-13 11:00:39,1,"12-2272-9"
"2042",56,0,158,0.853304029423347,2018-11-13 11:01:38,0,"12-2042-4"
"2272",121,1,170,0.836336359299254,2018-11-13 11:02:29,0,"12-2272-9"
"2272",122,1,171,0.911721875078066,2018-11-13 11:03:24,0,"12-2272-9"
"2272",123,1,172,1,2018-11-13 11:03:59,0,"12-2272-9"
"2272",124,0,146,0.00133849943936237,2018-11-13 11:04:09,0,"12-2272-10"
"2042",57,0,159,1,2018-11-13 11:05:26,3,"12-2042-4"
"2042",58,1,160,0.000677518435978624,2018-11-13 11:05:31,1,"12-2042-5"
"2042",59,1,161,0.136848160347602,2018-11-13 11:08:23,8,"12-2042-5"
"2042",60,1,162,0.19299211015708,2018-11-13 11:10:03,4,"12-2042-5"
"2272",125,0,147,0.0752127784561694,2018-11-13 11:11:14,0,"12-2272-10"
"2042",61,1,163,0.303039839244284,2018-11-13 11:11:38,2,"12-2042-5"
"2272",126,0,148,0.12404645410996,2018-11-13 11:11:44,0,"12-2272-10"
"2272",127,0,149,0.15539288911319,2018-11-13 11:12:44,1,"12-2272-10"
"2272",128,0,150,0.244233960779325,2018-11-13 11:14:04,2,"12-2272-10"
"2042",62,1,164,0.391269053791425,2018-11-13 11:14:13,2,"12-2042-5"
"2042",63,1,165,0.472834997068035,2018-11-13 11:15:13,1,"12-2042-5"
"2272",129,0,151,0.313307409622087,2018-11-13 11:15:57,6,"12-2272-10"
"2042",64,1,166,0.509565516683319,2018-11-13 11:16:13,1,"12-2042-5"
"2272",130,0,152,0.382642525874351,2018-11-13 11:17:37,5,"12-2272-10"
"2042",65,1,167,0.598690391496404,2018-11-13 11:17:39,0,"12-2042-5"
"2042",66,1,168,0.648323821893758,2018-11-13 11:18:27,0,"12-2042-5"
"2272",131,0,153,0.449327677267666,2018-11-13 11:18:42,2,"12-2272-10"
"2272",132,0,154,0.505831950163495,2018-11-13 11:19:42,2,"12-2272-10"
"2042",67,1,169,0.73196647476087,2018-11-13 11:20:12,2,"12-2042-5"
"2272",133,0,155,0.578449257827012,2018-11-13 11:21:22,1,"12-2272-10"
"2042",68,1,170,0.836336359299254,2018-11-13 11:22:27,0,"12-2042-5"
"2272",134,0,156,0.671302972393994,2018-11-13 11:23:22,1,"12-2272-10"
"2042",69,1,171,0.911721875078066,2018-11-13 11:23:37,0,"12-2042-5"
"2272",135,0,157,0.793010382183288,2018-11-13 11:25:11,0,"12-2272-10"
"2042",70,1,172,1,2018-11-13 11:25:33,0,"12-2042-5"
"2042",71,0,146,0.00133849943936237,2018-11-13 11:25:50,0,"12-2042-6"
"2272",136,0,158,0.853304029423347,2018-11-13 11:26:28,0,"12-2272-10"
"2272",137,0,159,1,2018-11-13 11:28:42,0,"12-2272-10"
"2272",138,1,160,0.000677518435978624,2018-11-13 11:29:32,2,"12-2272-11"
"2042",72,0,147,0.0752127784561694,2018-11-13 11:31:10,5,"12-2042-6"
"2042",73,0,148,0.12404645410996,2018-11-13 11:31:45,2,"12-2042-6"
"2042",74,0,149,0.15539288911319,2018-11-13 11:32:25,2,"12-2042-6"
"2272",139,1,161,0.136848160347602,2018-11-13 11:33:41,7,"12-2272-11"
"2042",75,0,150,0.244233960779325,2018-11-13 11:34:05,3,"12-2042-6"
"2272",140,1,162,0.19299211015708,2018-11-13 11:35:08,1,"12-2272-11"
"2272",141,1,163,0.303039839244284,2018-11-13 11:36:54,4,"12-2272-11"
"2042",76,0,151,0.313307409622087,2018-11-13 11:37:04,4,"12-2042-6"
"2042",77,0,152,0.382642525874351,2018-11-13 11:38:55,6,"12-2042-6"
"2272",142,1,164,0.391269053791425,2018-11-13 11:39:07,0,"12-2272-11"
"2042",78,0,153,0.449327677267666,2018-11-13 11:40:04,4,"12-2042-6"
"2042",79,0,154,0.505831950163495,2018-11-13 11:40:52,3,"12-2042-6"
"2272",143,1,165,0.472834997068035,2018-11-13 11:41:37,0,"12-2272-11"
"2272",144,1,166,0.509565516683319,2018-11-13 11:42:47,0,"12-2272-11"
"2042",80,0,155,0.578449257827012,2018-11-13 11:42:53,3,"12-2042-6"
"2272",145,1,167,0.598690391496404,2018-11-13 11:43:51,0,"12-2272-11"
"2042",81,0,156,0.671302972393994,2018-11-13 11:44:43,0,"12-2042-6"
"2272",146,1,168,0.648323821893758,2018-11-13 11:45:12,0,"12-2272-11"
"2272",147,1,169,0.73196647476087,2018-11-13 11:46:32,1,"12-2272-11"
"2042",82,0,157,0.793010382183288,2018-11-13 11:46:44,0,"12-2042-6"
"2042",83,0,158,0.853304029423347,2018-11-13 11:47:55,0,"12-2042-6"
"2272",148,1,170,0.836336359299254,2018-11-13 11:48:22,0,"12-2272-11"
"2272",149,1,171,0.911721875078066,2018-11-13 11:49:22,0,"12-2272-11"
"2272",150,1,172,1,2018-11-13 11:49:52,0,"12-2272-11"
"2272",151,0,146,0.00133849943936237,2018-11-13 11:50:01,0,"12-2272-12"
"2042",84,0,159,1,2018-11-13 11:51:00,3,"12-2042-6"
"2042",85,1,160,0.000677518435978624,2018-11-13 11:51:06,0,"12-2042-7"
"2042",86,1,161,0.136848160347602,2018-11-13 11:53:33,4,"12-2042-7"
"2042",87,1,162,0.19299211015708,2018-11-13 11:55:28,9,"12-2042-7"
"2272",152,0,147,0.0752127784561694,2018-11-13 11:56:33,6,"12-2272-12"
"2042",88,1,163,0.303039839244284,2018-11-13 11:56:58,1,"12-2042-7"
"2272",153,0,148,0.12404645410996,2018-11-13 11:57:23,0,"12-2272-12"
"2272",154,0,149,0.15539288911319,2018-11-13 11:58:23,0,"12-2272-12"
"2042",89,1,164,0.391269053791425,2018-11-13 11:59:48,3,"12-2042-7"
"2272",155,0,150,0.244233960779325,2018-11-13 11:59:53,0,"12-2272-12"
"2042",90,1,165,0.472834997068035,2018-11-13 12:00:53,2,"12-2042-7"
"2272",156,0,151,0.313307409622087,2018-11-13 12:01:36,1,"12-2272-12"
"2042",91,1,166,0.509565516683319,2018-11-13 12:01:58,0,"12-2042-7"
"2272",157,0,152,0.382642525874351,2018-11-13 12:02:44,0,"12-2272-12"
"2042",92,1,167,0.598690391496404,2018-11-13 12:03:38,0,"12-2042-7"
"2272",158,0,153,0.449327677267666,2018-11-13 12:04:02,0,"12-2272-12"
"2042",93,1,168,0.648323821893758,2018-11-13 12:05:09,0,"12-2042-7"
"2272",159,0,154,0.505831950163495,2018-11-13 12:05:13,1,"12-2272-12"
"2042",94,1,169,0.73196647476087,2018-11-13 12:06:19,0,"12-2042-7"
"2272",160,0,155,0.578449257827012,2018-11-13 12:06:33,1,"12-2272-12"
"2042",95,1,170,0.836336359299254,2018-11-13 12:08:07,0,"12-2042-7"
"2272",161,0,156,0.671302972393994,2018-11-13 12:08:33,5,"12-2272-12"
"2042",96,1,171,0.911721875078066,2018-11-13 12:09:37,0,"12-2042-7"
"2272",162,0,157,0.793010382183288,2018-11-13 12:10:10,0,"12-2272-12"
"2042",97,1,172,1,2018-11-13 12:10:37,0,"12-2042-7"
"2042",98,0,146,0.00133849943936237,2018-11-13 12:10:46,0,"12-2042-8"
"2272",163,0,158,0.853304029423347,2018-11-13 12:11:27,0,"12-2272-12"
"2272",164,0,159,1,2018-11-13 12:14:07,1,"12-2272-12"
"2272",165,1,160,0.000677518435978624,2018-11-13 12:14:42,2,"12-2272-13"
"2042",99,0,147,0.0752127784561694,2018-11-13 12:16:32,6,"12-2042-8"
"2042",100,0,148,0.12404645410996,2018-11-13 12:17:02,1,"12-2042-8"
"2272",166,1,161,0.136848160347602,2018-11-13 12:17:18,9,"12-2272-13"
"2042",101,0,149,0.15539288911319,2018-11-13 12:18:02,0,"12-2042-8"
"2272",167,1,162,0.19299211015708,2018-11-13 12:18:18,1,"12-2272-13"
"2272",168,1,163,0.303039839244284,2018-11-13 12:19:52,7,"12-2272-13"
"2042",102,0,150,0.244233960779325,2018-11-13 12:20:42,2,"12-2042-8"
"2272",169,1,164,0.391269053791425,2018-11-13 12:22:28,2,"12-2272-13"
"2042",103,0,151,0.313307409622087,2018-11-13 12:22:50,2,"12-2042-8"
"2272",170,1,165,0.472834997068035,2018-11-13 12:23:38,1,"12-2272-13"
"2042",104,0,152,0.382642525874351,2018-11-13 12:24:11,1,"12-2042-8"
"2272",171,1,166,0.509565516683319,2018-11-13 12:24:58,2,"12-2272-13"
"2042",105,0,153,0.449327677267666,2018-11-13 12:25:31,3,"12-2042-8"
"2272",172,1,167,0.598690391496404,2018-11-13 12:26:03,0,"12-2272-13"
"2042",106,0,154,0.505831950163495,2018-11-13 12:26:31,0,"12-2042-8"
"2272",173,1,168,0.648323821893758,2018-11-13 12:27:35,2,"12-2272-13"
"2042",107,0,155,0.578449257827012,2018-11-13 12:27:51,0,"12-2042-8"
"2272",174,1,169,0.73196647476087,2018-11-13 12:28:59,0,"12-2272-13"
"2042",108,0,156,0.671302972393994,2018-11-13 12:30:21,5,"12-2042-8"
"2272",175,1,170,0.836336359299254,2018-11-13 12:30:28,3,"12-2272-13"
"2272",176,1,171,0.911721875078066,2018-11-13 12:31:39,0,"12-2272-13"
"2042",109,0,157,0.793010382183288,2018-11-13 12:31:56,2,"12-2042-8"
"2272",177,1,172,1,2018-11-13 12:33:03,0,"12-2272-13"
"2272",178,0,146,0.00133849943936237,2018-11-13 12:33:06,0,"12-2272-14"
"2042",110,0,158,0.853304029423347,2018-11-13 12:33:28,0,"12-2042-8"
"2042",111,0,159,1,2018-11-13 12:36:23,1,"12-2042-8"
"2042",112,1,160,0.000677518435978624,2018-11-13 12:37:01,3,"12-2042-9"
"2272",179,0,147,0.0752127784561694,2018-11-13 12:39:37,2,"12-2272-14"
"2042",113,1,161,0.136848160347602,2018-11-13 12:39:59,5,"12-2042-9"
"2272",180,0,148,0.12404645410996,2018-11-13 12:40:12,0,"12-2272-14"
"2272",181,0,149,0.15539288911319,2018-11-13 12:40:42,1,"12-2272-14"
"2042",114,1,162,0.19299211015708,2018-11-13 12:41:55,3,"12-2042-9"
"2272",182,0,150,0.244233960779325,2018-11-13 12:42:30,4,"12-2272-14"
"2042",115,1,163,0.303039839244284,2018-11-13 12:43:36,3,"12-2042-9"
"2272",183,0,151,0.313307409622087,2018-11-13 12:44:17,7,"12-2272-14"
"2272",184,0,152,0.382642525874351,2018-11-13 12:45:16,1,"12-2272-14"
"2042",116,1,164,0.391269053791425,2018-11-13 12:46:06,0,"12-2042-9"
"2272",185,0,153,0.449327677267666,2018-11-13 12:46:37,6,"12-2272-14"
"2272",186,0,154,0.505831950163495,2018-11-13 12:47:37,0,"12-2272-14"
"2042",117,1,165,0.472834997068035,2018-11-13 12:48:09,2,"12-2042-9"
"2042",118,1,166,0.509565516683319,2018-11-13 12:49:20,2,"12-2042-9"
"2272",187,0,155,0.578449257827012,2018-11-13 12:49:27,0,"12-2272-14"
"2042",119,1,167,0.598690391496404,2018-11-13 12:51:11,0,"12-2042-9"
"2272",188,0,156,0.671302972393994,2018-11-13 12:51:27,1,"12-2272-14"
"2042",120,1,168,0.648323821893758,2018-11-13 12:52:16,0,"12-2042-9"
"2272",189,0,157,0.793010382183288,2018-11-13 12:53:12,1,"12-2272-14"
"2042",121,1,169,0.73196647476087,2018-11-13 12:53:17,1,"12-2042-9"
"2272",190,0,158,0.853304029423347,2018-11-13 12:54:28,0,"12-2272-14"
"2042",122,1,170,0.836336359299254,2018-11-13 12:54:35,0,"12-2042-9"
"2042",123,1,171,0.911721875078066,2018-11-13 12:55:25,0,"12-2042-9"
"2042",124,1,172,1,2018-11-13 12:55:55,0,"12-2042-9"
"2042",125,0,146,0.00133849943936237,2018-11-13 12:56:02,0,"12-2042-10"
"2272",191,0,159,1,2018-11-13 12:57:27,0,"12-2272-14"
"2272",192,1,160,0.000677518435978624,2018-11-13 12:58:16,1,"12-2272-15"
"2272",193,1,161,0.136848160347602,2018-11-13 13:01:46,8,"12-2272-15"
"2042",126,0,147,0.0752127784561694,2018-11-13 13:02:10,3,"12-2042-10"
"2042",127,0,148,0.12404645410996,2018-11-13 13:02:40,0,"12-2042-10"
"2042",128,0,149,0.15539288911319,2018-11-13 13:03:50,1,"12-2042-10"
"2272",194,1,162,0.19299211015708,2018-11-13 13:04:01,4,"12-2272-15"
"2272",195,1,163,0.303039839244284,2018-11-13 13:05:26,0,"12-2272-15"
"2042",129,0,150,0.244233960779325,2018-11-13 13:05:38,1,"12-2042-10"
"2042",130,0,151,0.313307409622087,2018-11-13 13:06:58,3,"12-2042-10"
"2272",196,1,164,0.391269053791425,2018-11-13 13:07:51,1,"12-2272-15"
"2042",131,0,152,0.382642525874351,2018-11-13 13:08:48,2,"12-2042-10"
"2272",197,1,165,0.472834997068035,2018-11-13 13:09:27,1,"12-2272-15"
"2042",132,0,153,0.449327677267666,2018-11-13 13:09:53,1,"12-2042-10"
"2272",198,1,166,0.509565516683319,2018-11-13 13:10:57,0,"12-2272-15"
"2042",133,0,154,0.505831950163495,2018-11-13 13:10:58,0,"12-2042-10"
"2272",199,1,167,0.598690391496404,2018-11-13 13:12:17,1,"12-2272-15"
"2042",134,0,155,0.578449257827012,2018-11-13 13:12:58,1,"12-2042-10"
"2272",200,1,168,0.648323821893758,2018-11-13 13:13:37,0,"12-2272-15"
"2272",201,1,169,0.73196647476087,2018-11-13 13:14:58,4,"12-2272-15"
"2042",135,0,156,0.671302972393994,2018-11-13 13:15:08,1,"12-2042-10"
"2042",136,0,157,0.793010382183288,2018-11-13 13:16:48,0,"12-2042-10"
"2272",202,1,170,0.836336359299254,2018-11-13 13:16:58,0,"12-2272-15"
"2042",137,0,158,0.853304029423347,2018-11-13 13:18:08,0,"12-2042-10"
"2272",203,1,171,0.911721875078066,2018-11-13 13:18:18,0,"12-2272-15"
"2272",204,1,172,1,2018-11-13 13:20:20,0,"12-2272-15"
"2272",205,0,146,0.00133849943936237,2018-11-13 13:20:31,0,"12-2272-16"
"2042",138,0,159,1,2018-11-13 13:21:12,0,"12-2042-10"
"2042",139,1,160,0.000677518435978624,2018-11-13 13:21:42,0,"12-2042-11"
"2042",140,1,161,0.136848160347602,2018-11-13 13:25:06,8,"12-2042-11"
"2042",141,1,162,0.19299211015708,2018-11-13 13:26:46,5,"12-2042-11"
"2272",206,0,147,0.0752127784561694,2018-11-13 13:27:19,1,"12-2272-16"
"2272",207,0,148,0.12404645410996,2018-11-13 13:27:49,0,"12-2272-16"
"2042",142,1,163,0.303039839244284,2018-11-13 13:28:26,3,"12-2042-11"
"2272",208,0,149,0.15539288911319,2018-11-13 13:28:27,1,"12-2272-16"
"2272",209,0,150,0.244233960779325,2018-11-13 13:30:08,0,"12-2272-16"
"2042",143,1,164,0.391269053791425,2018-11-13 13:30:21,0,"12-2042-11"
"2042",144,1,165,0.472834997068035,2018-11-13 13:31:46,0,"12-2042-11"
"2272",210,0,151,0.313307409622087,2018-11-13 13:32:04,4,"12-2272-16"
"2272",211,0,152,0.382642525874351,2018-11-13 13:33:28,3,"12-2272-16"
"2042",145,1,166,0.509565516683319,2018-11-13 13:33:36,1,"12-2042-11"
"2272",212,0,153,0.449327677267666,2018-11-13 13:34:43,4,"12-2272-16"
"2042",146,1,167,0.598690391496404,2018-11-13 13:35:16,0,"12-2042-11"
"2272",213,0,154,0.505831950163495,2018-11-13 13:35:34,0,"12-2272-16"
"2042",147,1,168,0.648323821893758,2018-11-13 13:36:36,0,"12-2042-11"
"2272",214,0,155,0.578449257827012,2018-11-13 13:37:18,0,"12-2272-16"
"2042",148,1,169,0.73196647476087,2018-11-13 13:38:01,0,"12-2042-11"
"2272",215,0,156,0.671302972393994,2018-11-13 13:39:07,4,"12-2272-16"
"2042",149,1,170,0.836336359299254,2018-11-13 13:39:31,0,"12-2042-11"
"2042",150,1,171,0.911721875078066,2018-11-13 13:40:41,0,"12-2042-11"
"2272",216,0,157,0.793010382183288,2018-11-13 13:41:30,2,"12-2272-16"
"2042",151,1,172,1,2018-11-13 13:41:59,0,"12-2042-11"
"2042",152,0,146,0.00133849943936237,2018-11-13 13:42:23,0,"12-2042-12"
"2272",217,0,158,0.853304029423347,2018-11-13 13:44:36,0,"12-2272-16"
"2272",218,0,159,1,2018-11-13 13:46:50,0,"12-2272-16"
"2272",219,1,160,0.000677518435978624,2018-11-13 13:47:15,0,"12-2272-17"
"2042",153,0,147,0.0752127784561694,2018-11-13 13:47:44,0,"12-2042-12"
"2042",154,0,148,0.12404645410996,2018-11-13 13:48:14,0,"12-2042-12"
"2042",155,0,149,0.15539288911319,2018-11-13 13:48:54,0,"12-2042-12"
"2042",156,0,150,0.244233960779325,2018-11-13 13:49:58,2,"12-2042-12"
"2272",220,1,161,0.136848160347602,2018-11-13 13:50:00,4,"12-2272-17"
"2042",157,0,151,0.313307409622087,2018-11-13 13:51:24,0,"12-2042-12"
"2272",221,1,162,0.19299211015708,2018-11-13 13:51:40,0,"12-2272-17"
"2042",158,0,152,0.382642525874351,2018-11-13 13:52:54,1,"12-2042-12"
"2272",222,1,163,0.303039839244284,2018-11-13 13:52:55,0,"12-2272-17"
"2042",159,0,153,0.449327677267666,2018-11-13 13:54:14,2,"12-2042-12"
"2042",160,0,154,0.505831950163495,2018-11-13 13:55:14,1,"12-2042-12"
"2272",223,1,164,0.391269053791425,2018-11-13 13:55:23,0,"12-2272-17"
"2272",224,1,165,0.472834997068035,2018-11-13 13:56:22,0,"12-2272-17"
"2042",161,0,155,0.578449257827012,2018-11-13 13:56:54,1,"12-2042-12"
"2272",225,1,166,0.509565516683319,2018-11-13 13:58:22,0,"12-2272-17"
"2042",162,0,156,0.671302972393994,2018-11-13 13:58:54,1,"12-2042-12"
"2272",226,1,167,0.598690391496404,2018-11-13 13:59:52,0,"12-2272-17"
"2042",163,0,157,0.793010382183288,2018-11-13 14:00:34,0,"12-2042-12"
"2272",227,1,168,0.648323821893758,2018-11-13 14:00:47,2,"12-2272-17"
"2272",228,1,169,0.73196647476087,2018-11-13 14:02:22,0,"12-2272-17"
"2042",164,0,158,0.853304029423347,2018-11-13 14:02:40,0,"12-2042-12"
"2272",229,1,170,0.836336359299254,2018-11-13 14:03:52,0,"12-2272-17"
"2272",230,1,171,0.911721875078066,2018-11-13 14:04:52,0,"12-2272-17"
"2272",231,1,172,1,2018-11-13 14:06:01,0,"12-2272-17"
"2272",232,0,146,0.00133849943936237,2018-11-13 14:06:04,0,"12-2272-18"
"2042",165,0,159,1,2018-11-13 14:06:24,3,"12-2042-12"
"2042",166,1,160,0.000677518435978624,2018-11-13 14:07:09,7,"12-2042-13"
"2042",167,1,161,0.136848160347602,2018-11-13 14:10:15,5,"12-2042-13"
"2272",233,0,147,0.0752127784561694,2018-11-13 14:12:24,1,"12-2272-18"
"2042",168,1,162,0.19299211015708,2018-11-13 14:12:34,7,"12-2042-13"
"2272",234,0,148,0.12404645410996,2018-11-13 14:12:54,2,"12-2272-18"
"2272",235,0,149,0.15539288911319,2018-11-13 14:13:54,3,"12-2272-18"
"2042",169,1,163,0.303039839244284,2018-11-13 14:14:54,4,"12-2042-13"
"2272",236,0,150,0.244233960779325,2018-11-13 14:15:24,2,"12-2272-18"
"2272",237,0,151,0.313307409622087,2018-11-13 14:16:54,3,"12-2272-18"
"2042",170,1,164,0.391269053791425,2018-11-13 14:17:07,0,"12-2042-13"
"2272",238,0,152,0.382642525874351,2018-11-13 14:18:34,1,"12-2272-18"
"2042",171,1,165,0.472834997068035,2018-11-13 14:18:42,2,"12-2042-13"
"2272",239,0,153,0.449327677267666,2018-11-13 14:19:54,3,"12-2272-18"
"2042",172,1,166,0.509565516683319,2018-11-13 14:20:07,0,"12-2042-13"
"2272",240,0,154,0.505831950163495,2018-11-13 14:21:24,1,"12-2272-18"
"2042",173,1,167,0.598690391496404,2018-11-13 14:22:09,0,"12-2042-13"
"2272",241,0,155,0.578449257827012,2018-11-13 14:22:34,5,"12-2272-18"
"2042",174,1,168,0.648323821893758,2018-11-13 14:23:42,2,"12-2042-13"
"2272",242,0,156,0.671302972393994,2018-11-13 14:24:38,0,"12-2272-18"
"2042",175,1,169,0.73196647476087,2018-11-13 14:24:52,1,"12-2042-13"
"2272",243,0,157,0.793010382183288,2018-11-13 14:26:32,5,"12-2272-18"
"2042",176,1,170,0.836336359299254,2018-11-13 14:26:52,3,"12-2042-13"
"2042",177,1,171,0.911721875078066,2018-11-13 14:27:42,0,"12-2042-13"
"2272",244,0,158,0.853304029423347,2018-11-13 14:27:57,0,"12-2272-18"
"2042",178,1,172,1,2018-11-13 14:28:48,0,"12-2042-13"
"2042",179,0,146,0.00133849943936237,2018-11-13 14:29:00,0,"12-2042-14"
"2272",245,0,159,1,2018-11-13 14:30:57,3,"12-2272-18"
"2272",246,1,160,0.000677518435978624,2018-11-13 14:31:22,1,"12-2272-19"
"2272",247,1,161,0.136848160347602,2018-11-13 14:34:08,9,"12-2272-19"
"2042",180,0,147,0.0752127784561694,2018-11-13 14:34:30,3,"12-2042-14"
"2042",181,0,148,0.12404645410996,2018-11-13 14:35:20,2,"12-2042-14"
"2042",182,0,149,0.15539288911319,2018-11-13 14:36:05,2,"12-2042-14"
"2272",248,1,162,0.19299211015708,2018-11-13 14:36:26,5,"12-2272-19"
"2272",249,1,163,0.303039839244284,2018-11-13 14:38:11,3,"12-2272-19"
"2042",183,0,150,0.244233960779325,2018-11-13 14:38:15,3,"12-2042-14"
"2042",184,0,151,0.313307409622087,2018-11-13 14:39:05,5,"12-2042-14"
"2272",250,1,164,0.391269053791425,2018-11-13 14:40:21,1,"12-2272-19"
"2042",185,0,152,0.382642525874351,2018-11-13 14:40:58,7,"12-2042-14"
"2272",251,1,165,0.472834997068035,2018-11-13 14:41:51,0,"12-2272-19"
"2042",186,0,153,0.449327677267666,2018-11-13 14:42:19,4,"12-2042-14"
"2042",187,0,154,0.505831950163495,2018-11-13 14:43:29,1,"12-2042-14"
"2272",252,1,166,0.509565516683319,2018-11-13 14:43:36,3,"12-2272-19"
"2272",253,1,167,0.598690391496404,2018-11-13 14:44:51,0,"12-2272-19"
"2042",188,0,155,0.578449257827012,2018-11-13 14:45:19,4,"12-2042-14"
"2272",254,1,168,0.648323821893758,2018-11-13 14:45:51,0,"12-2272-19"
"2042",189,0,156,0.671302972393994,2018-11-13 14:47:09,4,"12-2042-14"
"2272",255,1,169,0.73196647476087,2018-11-13 14:48:15,2,"12-2272-19"
"2042",190,0,157,0.793010382183288,2018-11-13 14:48:39,0,"12-2042-14"
"2272",256,1,170,0.836336359299254,2018-11-13 14:49:49,0,"12-2272-19"
"2042",191,0,158,0.853304029423347,2018-11-13 14:50:06,1,"12-2042-14"
"2272",257,1,171,0.911721875078066,2018-11-13 14:50:59,0,"12-2272-19"
"2272",258,1,172,1,2018-11-13 14:51:19,0,"12-2272-19"
"2272",259,0,146,0.00133849943936237,2018-11-13 14:51:28,0,"12-2272-20"
"2042",192,0,159,1,2018-11-13 14:53:12,0,"12-2042-14"
"2042",193,1,160,0.000677518435978624,2018-11-13 14:53:18,0,"12-2042-15"
"2042",194,1,161,0.136848160347602,2018-11-13 14:55:56,5,"12-2042-15"
"2272",260,0,147,0.0752127784561694,2018-11-13 14:56:02,0,"12-2272-20"
"2272",261,0,148,0.12404645410996,2018-11-13 14:56:52,1,"12-2272-20"
"2272",262,0,149,0.15539288911319,2018-11-13 14:57:37,0,"12-2272-20"
"2042",195,1,162,0.19299211015708,2018-11-13 14:58:16,2,"12-2042-15"
"2272",263,0,150,0.244233960779325,2018-11-13 14:59:02,1,"12-2272-20"
"2042",196,1,163,0.303039839244284,2018-11-13 15:00:19,0,"12-2042-15"
"2272",264,0,151,0.313307409622087,2018-11-13 15:00:34,3,"12-2272-20"
"2272",265,0,152,0.382642525874351,2018-11-13 15:02:15,0,"12-2272-20"
"2042",197,1,164,0.391269053791425,2018-11-13 15:02:24,2,"12-2042-15"
"2042",198,1,165,0.472834997068035,2018-11-13 15:03:34,2,"12-2042-15"
"2272",266,0,153,0.449327677267666,2018-11-13 15:03:36,1,"12-2272-20"
"2272",267,0,154,0.505831950163495,2018-11-13 15:05:32,0,"12-2272-20"
"2042",199,1,166,0.509565516683319,2018-11-13 15:06:04,0,"12-2042-15"
"2272",268,0,155,0.578449257827012,2018-11-13 15:06:52,2,"12-2272-20"
"2042",200,1,167,0.598690391496404,2018-11-13 15:07:14,0,"12-2042-15"
"2042",201,1,168,0.648323821893758,2018-11-13 15:08:24,1,"12-2042-15"
"2272",269,0,156,0.671302972393994,2018-11-13 15:08:27,0,"12-2272-20"
"2042",202,1,169,0.73196647476087,2018-11-13 15:09:54,2,"12-2042-15"
"2272",270,0,157,0.793010382183288,2018-11-13 15:10:12,1,"12-2272-20"
"2272",271,0,158,0.853304029423347,2018-11-13 15:11:24,0,"12-2272-20"
"2042",203,1,170,0.836336359299254,2018-11-13 15:11:44,0,"12-2042-15"
"2042",204,1,171,0.911721875078066,2018-11-13 15:12:54,0,"12-2042-15"
"2042",205,1,172,1,2018-11-13 15:13:24,0,"12-2042-15"
"2042",206,0,146,0.00133849943936237,2018-11-13 15:13:31,0,"12-2042-16"
"2272",272,0,159,1,2018-11-13 15:15:30,0,"12-2272-20"
"2272",273,1,160,0.000677518435978624,2018-11-13 15:15:50,0,"12-2272-21"
"2042",207,0,147,0.0752127784561694,2018-11-13 15:21:05,5,"12-2042-16"
"2272",274,1,161,0.136848160347602,2018-11-13 15:21:30,10,"12-2272-21"
"2042",208,0,148,0.12404645410996,2018-11-13 15:21:50,0,"12-2042-16"
"2042",209,0,149,0.15539288911319,2018-11-13 15:22:40,0,"12-2042-16"
"2272",275,1,162,0.19299211015708,2018-11-13 15:23:42,5,"12-2272-21"
"2042",210,0,150,0.244233960779325,2018-11-13 15:24:20,1,"12-2042-16"
"2272",276,1,163,0.303039839244284,2018-11-13 15:25:03,4,"12-2272-21"
"2042",211,0,151,0.313307409622087,2018-11-13 15:25:40,1,"12-2042-16"
"2042",212,0,152,0.382642525874351,2018-11-13 15:27:10,3,"12-2042-16"
"2272",277,1,164,0.391269053791425,2018-11-13 15:27:21,2,"12-2272-21"
"2042",213,0,153,0.449327677267666,2018-11-13 15:28:10,2,"12-2042-16"
"2272",278,1,165,0.472834997068035,2018-11-13 15:28:16,0,"12-2272-21"
"2042",214,0,154,0.505831950163495,2018-11-13 15:28:50,1,"12-2042-16"
"2272",279,1,166,0.509565516683319,2018-11-13 15:30:11,1,"12-2272-21"
"2042",215,0,155,0.578449257827012,2018-11-13 15:30:50,1,"12-2042-16"
"2272",280,1,167,0.598690391496404,2018-11-13 15:31:51,3,"12-2272-21"
"2042",216,0,156,0.671302972393994,2018-11-13 15:32:12,0,"12-2042-16"
"2272",281,1,168,0.648323821893758,2018-11-13 15:33:22,4,"12-2272-21"
"2042",217,0,157,0.793010382183288,2018-11-13 15:33:49,0,"12-2042-16"
"2272",282,1,169,0.73196647476087,2018-11-13 15:34:46,4,"12-2272-21"
"2042",218,0,158,0.853304029423347,2018-11-13 15:35:00,0,"12-2042-16"
"2272",283,1,170,0.836336359299254,2018-11-13 15:36:22,2,"12-2272-21"
"2272",284,1,171,0.911721875078066,2018-11-13 15:37:07,0,"12-2272-21"
"2272",285,1,172,1,2018-11-13 15:37:42,0,"12-2272-21"
"2272",286,0,146,0.00133849943936237,2018-11-13 15:37:51,0,"12-2272-22"
"2042",219,0,159,1,2018-11-13 15:38:12,0,"12-2042-16"
"2042",220,1,160,0.000677518435978624,2018-11-13 15:39:07,4,"12-2042-17"
"2272",287,0,147,0.0752127784561694,2018-11-13 15:42:45,1,"12-2272-22"
"2272",288,0,148,0.12404645410996,2018-11-13 15:43:25,0,"12-2272-22"
"2272",289,0,149,0.15539288911319,2018-11-13 15:44:05,0,"12-2272-22"
"2042",221,1,161,0.136848160347602,2018-11-13 15:44:36,12,"12-2042-17"
"2272",290,0,150,0.244233960779325,2018-11-13 15:45:48,0,"12-2272-22"
"2042",222,1,162,0.19299211015708,2018-11-13 15:45:56,5,"12-2042-17"
"2042",223,1,163,0.303039839244284,2018-11-13 15:47:01,2,"12-2042-17"
"2272",291,0,151,0.313307409622087,2018-11-13 15:48:18,1,"12-2272-22"
"2042",224,1,164,0.391269053791425,2018-11-13 15:49:16,7,"12-2042-17"
"2272",292,0,152,0.382642525874351,2018-11-13 15:49:48,0,"12-2272-22"
"2042",225,1,165,0.472834997068035,2018-11-13 15:50:16,2,"12-2042-17"
"2042",226,1,166,0.509565516683319,2018-11-13 15:51:26,0,"12-2042-17"
"2272",293,0,153,0.449327677267666,2018-11-13 15:51:28,0,"12-2272-22"
"2042",227,1,167,0.598690391496404,2018-11-13 15:52:31,0,"12-2042-17"
"2272",294,0,154,0.505831950163495,2018-11-13 15:53:08,0,"12-2272-22"
"2042",228,1,168,0.648323821893758,2018-11-13 15:53:41,1,"12-2042-17"
"2272",295,0,155,0.578449257827012,2018-11-13 15:54:38,0,"12-2272-22"
"2042",229,1,169,0.73196647476087,2018-11-13 15:55:12,1,"12-2042-17"
"2272",296,0,156,0.671302972393994,2018-11-13 15:56:45,0,"12-2272-22"
"2042",230,1,170,0.836336359299254,2018-11-13 15:56:48,4,"12-2042-17"
"2042",231,1,171,0.911721875078066,2018-11-13 15:57:43,0,"12-2042-17"
"2272",297,0,157,0.793010382183288,2018-11-13 15:58:31,0,"12-2272-22"
"2272",298,0,158,0.853304029423347,2018-11-13 16:00:08,0,"12-2272-22"
"2042",232,1,172,1,2018-11-13 16:00:48,0,"12-2042-17"
"2042",233,0,146,0.00133849943936237,2018-11-13 16:00:56,0,"12-2042-18"
"2272",299,0,159,1,2018-11-13 16:03:23,0,"12-2272-22"
"2272",300,1,160,0.000677518435978624,2018-11-13 16:03:43,0,"12-2272-23"
"2042",234,0,147,0.0752127784561694,2018-11-13 16:04:40,1,"12-2042-18"
"2042",235,0,148,0.12404645410996,2018-11-13 16:05:20,0,"12-2042-18"
"2042",236,0,149,0.15539288911319,2018-11-13 16:06:00,0,"12-2042-18"
"2272",301,1,161,0.136848160347602,2018-11-13 16:06:28,1,"12-2272-23"
"2042",237,0,150,0.244233960779325,2018-11-13 16:07:40,1,"12-2042-18"
"2272",302,1,162,0.19299211015708,2018-11-13 16:08:34,0,"12-2272-23"
"2042",238,0,151,0.313307409622087,2018-11-13 16:09:30,6,"12-2042-18"
"2272",303,1,163,0.303039839244284,2018-11-13 16:10:25,1,"12-2272-23"
"2042",239,0,152,0.382642525874351,2018-11-13 16:11:00,0,"12-2042-18"
"2272",304,1,164,0.391269053791425,2018-11-13 16:12:20,1,"12-2272-23"
"2042",240,0,153,0.449327677267666,2018-11-13 16:12:30,0,"12-2042-18"
"2272",305,1,165,0.472834997068035,2018-11-13 16:13:35,1,"12-2272-23"
"2042",241,0,154,0.505831950163495,2018-11-13 16:14:10,0,"12-2042-18"
"2272",306,1,166,0.509565516683319,2018-11-13 16:14:55,0,"12-2272-23"
"2042",242,0,155,0.578449257827012,2018-11-13 16:16:20,0,"12-2042-18"
"2272",307,1,167,0.598690391496404,2018-11-13 16:16:40,0,"12-2272-23"
"2272",308,1,168,0.648323821893758,2018-11-13 16:18:01,0,"12-2272-23"
"2042",243,0,156,0.671302972393994,2018-11-13 16:18:26,1,"12-2042-18"
"2272",309,1,169,0.73196647476087,2018-11-13 16:19:25,0,"12-2272-23"
"2042",244,0,157,0.793010382183288,2018-11-13 16:19:57,0,"12-2042-18"
"2272",310,1,170,0.836336359299254,2018-11-13 16:21:03,0,"12-2272-23"
"2042",245,0,158,0.853304029423347,2018-11-13 16:21:07,0,"12-2042-18"
"2272",311,1,171,0.911721875078066,2018-11-13 16:22:23,0,"12-2272-23"
"2272",312,1,172,1,2018-11-13 16:23:04,0,"12-2272-23"
"2272",313,0,146,0.00133849943936237,2018-11-13 16:23:14,0,"12-2272-24"
"2042",246,0,159,1,2018-11-13 16:23:53,0,"12-2042-18"
"2042",247,1,160,0.000677518435978624,2018-11-13 16:24:13,1,"12-2042-19"
"2272",314,0,147,0.0752127784561694,2018-11-13 16:26:37,3,"12-2272-24"
"2042",248,1,161,0.136848160347602,2018-11-13 16:26:41,11,"12-2042-19"
"2272",315,0,148,0.12404645410996,2018-11-13 16:27:17,1,"12-2272-24"
"2272",316,0,149,0.15539288911319,2018-11-13 16:27:57,1,"12-2272-24"
"2042",249,1,162,0.19299211015708,2018-11-13 16:28:51,5,"12-2042-19"
"2272",317,0,150,0.244233960779325,2018-11-13 16:29:48,0,"12-2272-24"
"2042",250,1,163,0.303039839244284,2018-11-13 16:30:16,0,"12-2042-19"
"2272",318,0,151,0.313307409622087,2018-11-13 16:31:19,3,"12-2272-24"
"2042",251,1,164,0.391269053791425,2018-11-13 16:32:11,4,"12-2042-19"
"2272",319,0,152,0.382642525874351,2018-11-13 16:32:40,1,"12-2272-24"
"2042",252,1,165,0.472834997068035,2018-11-13 16:33:11,0,"12-2042-19"
"2272",320,0,153,0.449327677267666,2018-11-13 16:34:20,3,"12-2272-24"
"2042",253,1,166,0.509565516683319,2018-11-13 16:35:41,2,"12-2042-19"
"2272",321,0,154,0.505831950163495,2018-11-13 16:35:50,1,"12-2272-24"
"2272",322,0,155,0.578449257827012,2018-11-13 16:37:00,0,"12-2272-24"
"2042",254,1,167,0.598690391496404,2018-11-13 16:37:01,0,"12-2042-19"
"2042",255,1,168,0.648323821893758,2018-11-13 16:38:31,0,"12-2042-19"
"2272",323,0,156,0.671302972393994,2018-11-13 16:38:40,0,"12-2272-24"
"2042",256,1,169,0.73196647476087,2018-11-13 16:39:56,2,"12-2042-19"
"2272",324,0,157,0.793010382183288,2018-11-13 16:41:44,0,"12-2272-24"
"2042",257,1,170,0.836336359299254,2018-11-13 16:42:11,2,"12-2042-19"
"2272",325,0,158,0.853304029423347,2018-11-13 16:43:11,0,"12-2272-24"
"2042",258,1,171,0.911721875078066,2018-11-13 16:43:11,0,"12-2042-19"
"2042",259,1,172,1,2018-11-13 16:44:29,0,"12-2042-19"
"2042",260,0,146,0.00133849943936237,2018-11-13 16:44:38,0,"12-2042-20"
"2272",326,0,159,1,2018-11-13 16:46:45,1,"12-2272-24"
"2272",327,1,160,0.000677518435978624,2018-11-13 16:47:05,1,"12-2272-25"
"2042",261,0,147,0.0752127784561694,2018-11-13 16:49:06,4,"12-2042-20"
"2042",262,0,148,0.12404645410996,2018-11-13 16:49:56,2,"12-2042-20"
"2272",328,1,161,0.136848160347602,2018-11-13 16:50:21,8,"12-2272-25"
"2042",263,0,149,0.15539288911319,2018-11-13 16:50:36,2,"12-2042-20"
"2272",329,1,162,0.19299211015708,2018-11-13 16:51:51,3,"12-2272-25"
"2042",264,0,150,0.244233960779325,2018-11-13 16:52:36,6,"12-2042-20"
"2272",330,1,163,0.303039839244284,2018-11-13 16:53:31,0,"12-2272-25"
"2042",265,0,151,0.313307409622087,2018-11-13 16:54:16,1,"12-2042-20"
"2042",266,0,152,0.382642525874351,2018-11-13 16:55:11,0,"12-2042-20"
"2272",331,1,164,0.391269053791425,2018-11-13 16:55:41,1,"12-2272-25"
"2042",267,0,153,0.449327677267666,2018-11-13 16:56:46,2,"12-2042-20"
"2272",332,1,165,0.472834997068035,2018-11-13 16:56:51,1,"12-2272-25"
"2042",268,0,154,0.505831950163495,2018-11-13 16:58:36,9,"12-2042-20"
"2272",333,1,166,0.509565516683319,2018-11-13 16:58:41,1,"12-2272-25"
"2042",269,0,155,0.578449257827012,2018-11-13 17:00:06,3,"12-2042-20"
"2272",334,1,167,0.598690391496404,2018-11-13 17:00:41,0,"12-2272-25"
"2042",270,0,156,0.671302972393994,2018-11-13 17:01:56,0,"12-2042-20"
"2272",335,1,168,0.648323821893758,2018-11-13 17:02:01,0,"12-2272-25"
"2042",271,0,157,0.793010382183288,2018-11-13 17:03:36,1,"12-2042-20"
"2272",336,1,169,0.73196647476087,2018-11-13 17:03:41,0,"12-2272-25"
"2042",272,0,158,0.853304029423347,2018-11-13 17:05:07,0,"12-2042-20"
"2272",337,1,170,0.836336359299254,2018-11-13 17:05:36,0,"12-2272-25"
"2272",338,1,171,0.911721875078066,2018-11-13 17:06:36,0,"12-2272-25"
"2272",339,1,172,1,2018-11-13 17:07:16,0,"12-2272-25"
"2272",340,0,146,0.00133849943936237,2018-11-13 17:07:23,0,"12-2272-26"
"2042",273,0,159,1,2018-11-13 17:08:09,0,"12-2042-20"
"2042",274,1,160,0.000677518435978624,2018-11-13 17:08:39,0,"12-2042-21"
"2042",275,1,161,0.136848160347602,2018-11-13 17:11:38,10,"12-2042-21"
"2042",276,1,162,0.19299211015708,2018-11-13 17:13:38,4,"12-2042-21"
"2272",341,0,147,0.0752127784561694,2018-11-13 17:14:10,1,"12-2272-26"
"2272",342,0,148,0.12404645410996,2018-11-13 17:14:29,2,"12-2272-26"
"2042",277,1,163,0.303039839244284,2018-11-13 17:15:08,2,"12-2042-21"
"2272",343,0,149,0.15539288911319,2018-11-13 17:15:10,1,"12-2272-26"
"2042",278,1,164,0.391269053791425,2018-11-13 17:17:08,4,"12-2042-21"
"2272",344,0,150,0.244233960779325,2018-11-13 17:17:52,1,"12-2272-26"
"2042",279,1,165,0.472834997068035,2018-11-13 17:18:08,0,"12-2042-21"
"2042",280,1,166,0.509565516683319,2018-11-13 17:20:08,0,"12-2042-21"
"2272",345,0,151,0.313307409622087,2018-11-13 17:20:30,3,"12-2272-26"
"2042",281,1,167,0.598690391496404,2018-11-13 17:21:43,0,"12-2042-21"
"2272",346,0,152,0.382642525874351,2018-11-13 17:22:09,0,"12-2272-26"
"2042",282,1,168,0.648323821893758,2018-11-13 17:23:18,0,"12-2042-21"
"2272",347,0,153,0.449327677267666,2018-11-13 17:23:27,3,"12-2272-26"
"2042",283,1,169,0.73196647476087,2018-11-13 17:24:43,1,"12-2042-21"
"2272",348,0,154,0.505831950163495,2018-11-13 17:25:07,1,"12-2272-26"
"2042",284,1,170,0.836336359299254,2018-11-13 17:26:28,2,"12-2042-21"
"2272",349,0,155,0.578449257827012,2018-11-13 17:26:37,2,"12-2272-26"
"2042",285,1,171,0.911721875078066,2018-11-13 17:27:08,0,"12-2042-21"
"2042",286,1,172,1,2018-11-13 17:27:47,0,"12-2042-21"
"2042",287,0,146,0.00133849943936237,2018-11-13 17:27:54,0,"12-2042-22"
"2272",350,0,156,0.671302972393994,2018-11-13 17:28:52,1,"12-2272-26"
"2272",351,0,157,0.793010382183288,2018-11-13 17:30:28,1,"12-2272-26"
"2272",352,0,158,0.853304029423347,2018-11-13 17:31:55,0,"12-2272-26"
"2042",288,0,147,0.0752127784561694,2018-11-13 17:34:08,7,"12-2042-22"
"2042",289,0,148,0.12404645410996,2018-11-13 17:34:58,1,"12-2042-22"
"2272",353,0,159,1,2018-11-13 17:35:08,1,"12-2272-26"
"2272",354,1,160,0.000677518435978624,2018-11-13 17:35:33,1,"12-2272-27"
"2042",290,0,149,0.15539288911319,2018-11-13 17:35:38,1,"12-2042-22"
"2042",291,0,150,0.244233960779325,2018-11-13 17:37:28,1,"12-2042-22"
"2272",355,1,161,0.136848160347602,2018-11-13 17:38:21,15,"12-2272-27"
"2042",292,0,151,0.313307409622087,2018-11-13 17:39:28,5,"12-2042-22"
"2272",356,1,162,0.19299211015708,2018-11-13 17:40:22,9,"12-2272-27"
"2042",293,0,152,0.382642525874351,2018-11-13 17:41:09,3,"12-2042-22"
"2272",357,1,163,0.303039839244284,2018-11-13 17:41:46,0,"12-2272-27"
"2042",294,0,153,0.449327677267666,2018-11-13 17:42:59,2,"12-2042-22"
"2272",358,1,164,0.391269053791425,2018-11-13 17:43:30,3,"12-2272-27"
"2272",359,1,165,0.472834997068035,2018-11-13 17:44:38,3,"12-2272-27"
"2042",295,0,154,0.505831950163495,2018-11-13 17:44:39,0,"12-2042-22"
"2042",296,0,155,0.578449257827012,2018-11-13 17:46:39,1,"12-2042-22"
"2272",360,1,166,0.509565516683319,2018-11-13 17:46:45,1,"12-2272-27"
"2272",361,1,167,0.598690391496404,2018-11-13 17:48:11,0,"12-2272-27"
"2042",297,0,156,0.671302972393994,2018-11-13 17:48:37,1,"12-2042-22"
"2272",362,1,168,0.648323821893758,2018-11-13 17:50:15,1,"12-2272-27"
"2042",298,0,157,0.793010382183288,2018-11-13 17:50:46,0,"12-2042-22"
"2272",363,1,169,0.73196647476087,2018-11-13 17:51:26,1,"12-2272-27"
"2042",299,0,158,0.853304029423347,2018-11-13 17:52:13,0,"12-2042-22"
"2272",364,1,170,0.836336359299254,2018-11-13 17:53:16,1,"12-2272-27"
"2272",365,1,171,0.911721875078066,2018-11-13 17:54:11,0,"12-2272-27"
"2042",300,0,159,1,2018-11-13 17:55:32,2,"12-2042-22"
"2272",366,1,172,1,2018-11-13 17:55:41,0,"12-2272-27"
"2272",367,0,146,0.00133849943936237,2018-11-13 17:55:47,0,"12-2272-28"
"2042",301,1,160,0.000677518435978624,2018-11-13 17:55:52,1,"12-2042-23"
"2272",368,0,147,0.0752127784561694,2018-11-13 17:57:43,0,"12-2272-28"
"2042",302,1,161,0.136848160347602,2018-11-13 17:58:14,11,"12-2042-23"
"2272",369,0,148,0.12404645410996,2018-11-13 17:58:34,0,"12-2272-28"
"2272",370,0,149,0.15539288911319,2018-11-13 17:59:14,0,"12-2272-28"
"2042",303,1,162,0.19299211015708,2018-11-13 18:00:05,6,"12-2042-23"
"2042",304,1,163,0.303039839244284,2018-11-13 18:01:40,4,"12-2042-23"
"2272",371,0,150,0.244233960779325,2018-11-13 18:01:44,3,"12-2272-28"
"2042",305,1,164,0.391269053791425,2018-11-13 18:03:31,3,"12-2042-23"
"2272",372,0,151,0.313307409622087,2018-11-13 18:03:38,1,"12-2272-28"
"2042",306,1,165,0.472834997068035,2018-11-13 18:04:31,4,"12-2042-23"
"2272",373,0,152,0.382642525874351,2018-11-13 18:04:58,0,"12-2272-28"
"2042",307,1,166,0.509565516683319,2018-11-13 18:05:51,3,"12-2042-23"
"2042",308,1,167,0.598690391496404,2018-11-13 18:07:11,0,"12-2042-23"
"2272",374,0,153,0.449327677267666,2018-11-13 18:07:21,0,"12-2272-28"
"2042",309,1,168,0.648323821893758,2018-11-13 18:08:11,0,"12-2042-23"
"2272",375,0,154,0.505831950163495,2018-11-13 18:09:16,1,"12-2272-28"
"2042",310,1,169,0.73196647476087,2018-11-13 18:10:01,2,"12-2042-23"
"2272",376,0,155,0.578449257827012,2018-11-13 18:10:56,1,"12-2272-28"
"2042",311,1,170,0.836336359299254,2018-11-13 18:11:51,1,"12-2042-23"
"2272",377,0,156,0.671302972393994,2018-11-13 18:13:06,0,"12-2272-28"
"2042",312,1,171,0.911721875078066,2018-11-13 18:13:21,0,"12-2042-23"
"2042",313,1,172,1,2018-11-13 18:14:57,0,"12-2042-23"
"2042",314,0,146,0.00133849943936237,2018-11-13 18:15:08,0,"12-2042-24"
"2272",378,0,157,0.793010382183288,2018-11-13 18:15:09,0,"12-2272-28"
"2272",379,0,158,0.853304029423347,2018-11-13 18:16:22,0,"12-2272-28"
"2272",380,0,159,1,2018-11-13 18:19:16,3,"12-2272-28"
"2272",381,1,160,0.000677518435978624,2018-11-13 18:19:33,0,"12-2272-29"
"2042",315,0,147,0.0752127784561694,2018-11-13 18:21:12,3,"12-2042-24"
"2042",316,0,148,0.12404645410996,2018-11-13 18:21:47,2,"12-2042-24"
"2272",382,1,161,0.136848160347602,2018-11-13 18:22:02,6,"12-2272-29"
"2042",317,0,149,0.15539288911319,2018-11-13 18:22:27,0,"12-2042-24"
"2272",383,1,162,0.19299211015708,2018-11-13 18:23:54,9,"12-2272-29"
"2042",318,0,150,0.244233960779325,2018-11-13 18:24:27,1,"12-2042-24"
"2272",384,1,163,0.303039839244284,2018-11-13 18:25:09,2,"12-2272-29"
"2042",319,0,151,0.313307409622087,2018-11-13 18:26:47,3,"12-2042-24"
"2272",385,1,164,0.391269053791425,2018-11-13 18:27:13,5,"12-2272-29"
"2042",320,0,152,0.382642525874351,2018-11-13 18:27:57,0,"12-2042-24"
"2272",386,1,165,0.472834997068035,2018-11-13 18:28:09,2,"12-2272-29"
"2042",321,0,153,0.449327677267666,2018-11-13 18:29:07,0,"12-2042-24"
"2042",322,0,154,0.505831950163495,2018-11-13 18:30:17,0,"12-2042-24"
"2272",387,1,166,0.509565516683319,2018-11-13 18:30:34,1,"12-2272-29"
"2272",388,1,167,0.598690391496404,2018-11-13 18:31:54,1,"12-2272-29"
"2042",323,0,155,0.578449257827012,2018-11-13 18:31:57,0,"12-2042-24"
"2272",389,1,168,0.648323821893758,2018-11-13 18:33:04,1,"12-2272-29"
"2042",324,0,156,0.671302972393994,2018-11-13 18:33:12,0,"12-2042-24"
"2272",390,1,169,0.73196647476087,2018-11-13 18:34:09,0,"12-2272-29"
"2042",325,0,157,0.793010382183288,2018-11-13 18:35:17,0,"12-2042-24"
"2272",391,1,170,0.836336359299254,2018-11-13 18:36:13,0,"12-2272-29"
"2042",326,0,158,0.853304029423347,2018-11-13 18:36:55,1,"12-2042-24"
"2272",392,1,171,0.911721875078066,2018-11-13 18:37:13,0,"12-2272-29"
"2272",393,1,172,1,2018-11-13 18:38:03,0,"12-2272-29"
"2272",394,0,146,0.00133849943936237,2018-11-13 18:38:09,0,"12-2272-30"
"2042",327,0,159,1,2018-11-13 18:41:07,2,"12-2042-24"
"2272",395,0,147,0.0752127784561694,2018-11-13 18:41:33,0,"12-2272-30"
"2042",328,1,160,0.000677518435978624,2018-11-13 18:41:41,3,"12-2042-25"
"2272",396,0,148,0.12404645410996,2018-11-13 18:41:53,1,"12-2272-30"
"2272",397,0,149,0.15539288911319,2018-11-13 18:42:44,0,"12-2272-30"
"2272",398,0,150,0.244233960779325,2018-11-13 18:44:23,0,"12-2272-30"
"2042",329,1,161,0.136848160347602,2018-11-13 18:44:29,3,"12-2042-25"
"2042",330,1,162,0.19299211015708,2018-11-13 18:45:29,4,"12-2042-25"
"2272",399,0,151,0.313307409622087,2018-11-13 18:45:47,3,"12-2272-30"
"2042",331,1,163,0.303039839244284,2018-11-13 18:47:09,0,"12-2042-25"
"2272",400,0,152,0.382642525874351,2018-11-13 18:47:39,0,"12-2272-30"
"2042",332,1,164,0.391269053791425,2018-11-13 18:48:24,0,"12-2042-25"
"2272",401,0,153,0.449327677267666,2018-11-13 18:49:18,2,"12-2272-30"
"2042",333,1,165,0.472834997068035,2018-11-13 18:49:39,0,"12-2042-25"
"2272",402,0,154,0.505831950163495,2018-11-13 18:50:18,0,"12-2272-30"
"2272",403,0,155,0.578449257827012,2018-11-13 18:51:28,0,"12-2272-30"
"2042",334,1,166,0.509565516683319,2018-11-13 18:51:39,1,"12-2042-25"
"2042",335,1,167,0.598690391496404,2018-11-13 18:52:58,0,"12-2042-25"
"2272",404,0,156,0.671302972393994,2018-11-13 18:53:37,0,"12-2272-30"
"2042",336,1,168,0.648323821893758,2018-11-13 18:53:54,0,"12-2042-25"
"2042",337,1,169,0.73196647476087,2018-11-13 18:55:11,0,"12-2042-25"
"2272",405,0,157,0.793010382183288,2018-11-13 18:55:15,0,"12-2272-30"
"2272",406,0,158,0.853304029423347,2018-11-13 18:56:36,0,"12-2272-30"
"2042",338,1,170,0.836336359299254,2018-11-13 18:56:40,0,"12-2042-25"
"2042",339,1,171,0.911721875078066,2018-11-13 18:57:40,0,"12-2042-25"
"2042",340,1,172,1,2018-11-13 18:58:21,0,"12-2042-25"
"2042",341,0,146,0.00133849943936237,2018-11-13 18:58:28,0,"12-2042-26"
"2272",407,0,159,1,2018-11-13 18:59:31,0,"12-2272-30"
"2272",408,1,160,0.000677518435978624,2018-11-13 19:00:06,2,"12-2272-31"
"2272",409,1,161,0.136848160347602,2018-11-13 19:03:31,2,"12-2272-31"
"2042",342,0,147,0.0752127784561694,2018-11-13 19:04:58,2,"12-2042-26"
"2272",410,1,162,0.19299211015708,2018-11-13 19:05:21,4,"12-2272-31"
"2042",343,0,148,0.12404645410996,2018-11-13 19:05:58,0,"12-2042-26"
"2042",344,0,149,0.15539288911319,2018-11-13 19:06:58,1,"12-2042-26"
"2272",411,1,163,0.303039839244284,2018-11-13 19:06:59,5,"12-2272-31"
"2272",412,1,164,0.391269053791425,2018-11-13 19:08:25,2,"12-2272-31"
"2042",345,0,150,0.244233960779325,2018-11-13 19:09:02,2,"12-2042-26"
"2272",413,1,165,0.472834997068035,2018-11-13 19:10:00,0,"12-2272-31"
"2042",346,0,151,0.313307409622087,2018-11-13 19:10:33,1,"12-2042-26"
"2272",414,1,166,0.509565516683319,2018-11-13 19:11:20,1,"12-2272-31"
"2042",347,0,152,0.382642525874351,2018-11-13 19:12:13,3,"12-2042-26"
"2272",415,1,167,0.598690391496404,2018-11-13 19:12:50,0,"12-2272-31"
"2042",348,0,153,0.449327677267666,2018-11-13 19:13:54,3,"12-2042-26"
"2272",416,1,168,0.648323821893758,2018-11-13 19:14:07,0,"12-2272-31"
"2042",349,0,154,0.505831950163495,2018-11-13 19:14:50,0,"12-2042-26"
"2042",350,0,155,0.578449257827012,2018-11-13 19:16:29,0,"12-2042-26"
"2272",417,1,169,0.73196647476087,2018-11-13 19:16:47,1,"12-2272-31"
"2272",418,1,170,0.836336359299254,2018-11-13 19:18:27,0,"12-2272-31"
"2042",351,0,156,0.671302972393994,2018-11-13 19:18:29,1,"12-2042-26"
"2272",419,1,171,0.911721875078066,2018-11-13 19:19:47,0,"12-2272-31"
"2042",352,0,157,0.793010382183288,2018-11-13 19:20:09,1,"12-2042-26"
"2272",420,1,172,1,2018-11-13 19:20:26,0,"12-2272-31"
"2272",421,0,146,0.00133849943936237,2018-11-13 19:20:34,0,"12-2272-32"
"2042",353,0,158,0.853304029423347,2018-11-13 19:21:33,0,"12-2042-26"
"2042",354,0,159,1,2018-11-13 19:27:09,0,"12-2042-26"
"2042",355,1,160,0.000677518435978624,2018-11-13 19:27:29,0,"12-2042-27"
"2272",422,0,147,0.0752127784561694,2018-11-13 19:29:43,0,"12-2272-32"
"2042",356,1,161,0.136848160347602,2018-11-13 19:29:55,4,"12-2042-27"
"2272",423,0,148,0.12404645410996,2018-11-13 19:30:13,0,"12-2272-32"
"2272",424,0,149,0.15539288911319,2018-11-13 19:31:32,0,"12-2272-32"
"2042",357,1,162,0.19299211015708,2018-11-13 19:31:35,4,"12-2042-27"
"2042",358,1,163,0.303039839244284,2018-11-13 19:33:00,2,"12-2042-27"
"2272",425,0,150,0.244233960779325,2018-11-13 19:33:17,0,"12-2272-32"
"2042",359,1,164,0.391269053791425,2018-11-13 19:34:51,4,"12-2042-27"
"2272",426,0,151,0.313307409622087,2018-11-13 19:35:07,1,"12-2272-32"
"2042",360,1,165,0.472834997068035,2018-11-13 19:36:11,3,"12-2042-27"
"2272",427,0,152,0.382642525874351,2018-11-13 19:36:17,0,"12-2272-32"
"2042",361,1,166,0.509565516683319,2018-11-13 19:37:31,1,"12-2042-27"
"2272",428,0,153,0.449327677267666,2018-11-13 19:37:47,1,"12-2272-32"
"2042",362,1,167,0.598690391496404,2018-11-13 19:38:26,0,"12-2042-27"
"2272",429,0,154,0.505831950163495,2018-11-13 19:39:27,1,"12-2272-32"
"2042",363,1,168,0.648323821893758,2018-11-13 19:39:31,0,"12-2042-27"
"2042",364,1,169,0.73196647476087,2018-11-13 19:40:36,0,"12-2042-27"
"2272",430,0,155,0.578449257827012,2018-11-13 19:41:07,1,"12-2272-32"
"2042",365,1,170,0.836336359299254,2018-11-13 19:42:21,1,"12-2042-27"
"2272",431,0,156,0.671302972393994,2018-11-13 19:43:07,0,"12-2272-32"
"2042",366,1,171,0.911721875078066,2018-11-13 19:43:11,0,"12-2042-27"
"2042",367,1,172,1,2018-11-13 19:43:41,0,"12-2042-27"
"2042",368,0,146,0.00133849943936237,2018-11-13 19:43:48,0,"12-2042-28"
"2272",432,0,157,0.793010382183288,2018-11-13 19:44:58,0,"12-2272-32"
"2272",433,0,158,0.853304029423347,2018-11-13 19:46:09,0,"12-2272-32"
"2042",369,0,147,0.0752127784561694,2018-11-13 19:46:09,2,"12-2042-28"
"2042",370,0,148,0.12404645410996,2018-11-13 19:46:39,0,"12-2042-28"
"2042",371,0,149,0.15539288911319,2018-11-13 19:47:19,0,"12-2042-28"
"2042",372,0,150,0.244233960779325,2018-11-13 19:49:09,0,"12-2042-28"
"2272",434,0,159,1,2018-11-13 19:49:27,0,"12-2272-32"
"2272",435,1,160,0.000677518435978624,2018-11-13 19:49:57,0,"12-2272-33"
"2042",373,0,151,0.313307409622087,2018-11-13 19:50:19,4,"12-2042-28"
"2042",374,0,152,0.382642525874351,2018-11-13 19:51:19,0,"12-2042-28"
"2042",375,0,153,0.449327677267666,2018-11-13 19:52:24,0,"12-2042-28"
"2272",436,1,161,0.136848160347602,2018-11-13 19:52:27,3,"12-2272-33"
"2042",376,0,154,0.505831950163495,2018-11-13 19:53:29,1,"12-2042-28"
"2272",437,1,162,0.19299211015708,2018-11-13 19:53:47,8,"12-2272-33"
"2042",377,0,155,0.578449257827012,2018-11-13 19:54:39,0,"12-2042-28"
"2272",438,1,163,0.303039839244284,2018-11-13 19:55:11,1,"12-2272-33"
"2042",378,0,156,0.671302972393994,2018-11-13 19:56:39,0,"12-2042-28"
"2272",439,1,164,0.391269053791425,2018-11-13 19:56:56,1,"12-2272-33"
"2042",379,0,157,0.793010382183288,2018-11-13 19:58:19,0,"12-2042-28"
"2272",440,1,165,0.472834997068035,2018-11-13 19:58:22,4,"12-2272-33"
"2042",380,0,158,0.853304029423347,2018-11-13 19:59:41,0,"12-2042-28"
"2272",441,1,166,0.509565516683319,2018-11-13 20:00:37,0,"12-2272-33"
"2272",442,1,167,0.598690391496404,2018-11-13 20:02:07,0,"12-2272-33"
"2042",381,0,159,1,2018-11-13 20:03:05,1,"12-2042-28"
"2272",443,1,168,0.648323821893758,2018-11-13 20:03:07,0,"12-2272-33"
"2042",382,1,160,0.000677518435978624,2018-11-13 20:03:28,2,"12-2042-29"
"2272",444,1,169,0.73196647476087,2018-11-13 20:04:57,0,"12-2272-33"
"2042",383,1,161,0.136848160347602,2018-11-13 20:06:30,0,"12-2042-29"
"2272",445,1,170,0.836336359299254,2018-11-13 20:06:45,1,"12-2272-33"
"2272",446,1,171,0.911721875078066,2018-11-13 20:08:05,0,"12-2272-33"
"2042",384,1,162,0.19299211015708,2018-11-13 20:08:35,4,"12-2042-29"
"2272",447,1,172,1,2018-11-13 20:08:45,0,"12-2272-33"
"2272",448,0,146,0.00133849943936237,2018-11-13 20:08:51,0,"12-2272-34"
"2042",385,1,163,0.303039839244284,2018-11-13 20:09:55,4,"12-2042-29"
"2042",386,1,164,0.391269053791425,2018-11-13 20:11:35,2,"12-2042-29"
"2042",387,1,165,0.472834997068035,2018-11-13 20:12:35,0,"12-2042-29"
"2272",449,0,147,0.0752127784561694,2018-11-13 20:13:45,0,"12-2272-34"
"2042",388,1,166,0.509565516683319,2018-11-13 20:14:35,0,"12-2042-29"
"2272",450,0,148,0.12404645410996,2018-11-13 20:14:44,0,"12-2272-34"
"2272",451,0,149,0.15539288911319,2018-11-13 20:15:14,1,"12-2272-34"
"2042",389,1,167,0.598690391496404,2018-11-13 20:16:25,1,"12-2042-29"
"2272",452,0,150,0.244233960779325,2018-11-13 20:16:40,0,"12-2272-34"
"2042",390,1,168,0.648323821893758,2018-11-13 20:17:15,0,"12-2042-29"
"2272",453,0,151,0.313307409622087,2018-11-13 20:18:02,1,"12-2272-34"
"2042",391,1,169,0.73196647476087,2018-11-13 20:18:15,1,"12-2042-29"
"2272",454,0,152,0.382642525874351,2018-11-13 20:19:27,1,"12-2272-34"
"2042",392,1,170,0.836336359299254,2018-11-13 20:19:45,0,"12-2042-29"
"2042",393,1,171,0.911721875078066,2018-11-13 20:20:35,0,"12-2042-29"
"2272",455,0,153,0.449327677267666,2018-11-13 20:20:47,1,"12-2272-34"
"2042",394,1,172,1,2018-11-13 20:21:14,0,"12-2042-29"
"2042",395,0,146,0.00133849943936237,2018-11-13 20:21:24,0,"12-2042-30"
"2272",456,0,154,0.505831950163495,2018-11-13 20:21:53,1,"12-2272-34"
"2272",457,0,155,0.578449257827012,2018-11-13 20:23:03,0,"12-2272-34"
"2272",458,0,156,0.671302972393994,2018-11-13 20:25:43,0,"12-2272-34"
"2272",459,1,160,0.000677518435978624,2018-11-13 20:27:18,0,"12-2272-35"
"2042",396,0,147,0.0752127784561694,2018-11-13 20:27:24,0,"12-2042-30"
"2042",397,0,148,0.12404645410996,2018-11-13 20:28:04,0,"12-2042-30"
"2042",398,0,149,0.15539288911319,2018-11-13 20:28:54,0,"12-2042-30"
"2272",460,0,158,0.853304029423347,2018-11-13 20:29:38,2,"12-2272-36"
"2042",399,0,150,0.244233960779325,2018-11-13 20:30:44,0,"12-2042-30"
"2042",400,0,151,0.313307409622087,2018-11-13 20:31:54,0,"12-2042-30"
"2042",401,0,152,0.382642525874351,2018-11-13 20:33:01,1,"12-2042-30"
"2042",402,0,153,0.449327677267666,2018-11-13 20:34:12,0,"12-2042-30"
"2042",403,0,154,0.505831950163495,2018-11-13 20:35:42,0,"12-2042-30"
"2042",404,0,155,0.578449257827012,2018-11-13 20:37:12,0,"12-2042-30"
"2042",405,0,156,0.671302972393994,2018-11-13 20:38:41,0,"12-2042-30"
"2042",406,0,157,0.793010382183288,2018-11-13 20:40:22,0,"12-2042-30"
"2042",407,1,160,0.000677518435978624,2018-11-13 20:41:07,0,"12-2042-31"
"2042",408,0,158,0.853304029423347,2018-11-13 20:42:40,4,"12-2042-32"
